-- create tables

create table toppings (
    id      varchar2(100 char) not null
            constraint toppings_id_pk primary key,
    type    varchar2(4000 char)
);


create table batters (
    id      number not null
            constraint batters_id_pk primary key,
    type    varchar2(4000 char)
);


create table donuts (
    id      number not null
            constraint donuts_id_pk primary key,
    type    varchar2(4000 char)
);


create table donut_batters (
    batters_id    number
                  constraint donut_batters_batters_id_fk
                  references batters,
    donut_id      number
                  constraint donut_batters_donut_id_fk
                  references donuts
);

-- table index
create index donut_batters_i1 on donut_batters (batters_id);

create index donut_batters_i2 on donut_batters (donut_id);


create table donut_toppings (
    toppings_id    varchar2(100 char)
                   constraint donut_toppings_toppings_id_fk
                   references toppings,
    donut_id       number
                   constraint donut_toppings_donut_id_fk
                   references donuts
);

-- table index
create index donut_toppings_i1 on donut_toppings (toppings_id);

create index donut_toppings_i2 on donut_toppings (donut_id);



-- load data

insert into toppings (
    id,
    type
) values (
    1,
    'N/A'
);
insert into toppings (
    id,
    type
) values (
    2,
    'N/A'
);
insert into toppings (
    id,
    type
) values (
    3,
    'N/A'
);
insert into toppings (
    id,
    type
) values (
    4,
    'N/A'
);

commit;

insert into batters (
    id,
    type
) values (
    1,
    'N/A'
);
insert into batters (
    id,
    type
) values (
    2,
    'N/A'
);
insert into batters (
    id,
    type
) values (
    3,
    'N/A'
);

commit;

insert into donuts (
    id,
    type
) values (
    1,
    'N/A'
);
insert into donuts (
    id,
    type
) values (
    2,
    'N/A'
);

commit;

insert into donut_batters (
    batters_id,
    donut_id
) values (
    2,
    1
);
insert into donut_batters (
    batters_id,
    donut_id
) values (
    2,
    2
);
insert into donut_batters (
    batters_id,
    donut_id
) values (
    1,
    2
);
insert into donut_batters (
    batters_id,
    donut_id
) values (
    3,
    2
);
insert into donut_batters (
    batters_id,
    donut_id
) values (
    3,
    2
);

commit;

insert into donut_toppings (
    toppings_id,
    donut_id
) values (
    3,
    2
);
insert into donut_toppings (
    toppings_id,
    donut_id
) values (
    4,
    2
);
insert into donut_toppings (
    toppings_id,
    donut_id
) values (
    4,
    2
);
insert into donut_toppings (
    toppings_id,
    donut_id
) values (
    1,
    1
);
insert into donut_toppings (
    toppings_id,
    donut_id
) values (
    3,
    2
);
insert into donut_toppings (
    toppings_id,
    donut_id
) values (
    2,
    1
);
insert into donut_toppings (
    toppings_id,
    donut_id
) values (
    3,
    1
);

commit;


-- Generated by Quick SQL development 1/5/2024, 1:51:48 PM

/*
donuts  /insert 2
   id vc100 /pk
   type
   donut_batters  /insert 5
      >batters  /insert 3
         id /pk
         type
   donut_toppings  /insert 7
       >toppings  /insert 4
         id  /pk
         type    
      




 Non-default options:
# settings = {"genpk":false,"pk":"none"}

*/